price_reduction_pct,additional_non_diabetes_qaly_multiplier,total_incremental_qaly,modeled_incremental_qaly,incremental_cost,nmb_50000,nmb_150000,cost_effective_at_50000,cost_effective_at_150000
0,0.0,0.045261366862686,0.045261366862686,9915.204637733783,-7652.136294599482,-3125.9996083308824,0,0
0,0.1,0.04978750354895461,0.045261366862686,9915.204637733783,-7425.829460286052,-2447.0791053905914,0,0
0,0.2,0.054313640235223205,0.045261366862686,9915.204637733783,-7199.522625972622,-1768.1586024503022,0,0
0,0.3,0.0588397769214918,0.045261366862686,9915.204637733783,-6973.215791659193,-1089.238099510012,0,0
0,0.4,0.06336591360776041,0.045261366862686,9915.204637733783,-6746.908957345762,-410.317596569721,0,0
0,0.5,0.067892050294029,0.045261366862686,9915.204637733783,-6520.602123032333,268.60290637056823,0,1
0,0.6,0.0724181869802976,0.045261366862686,9915.204637733783,-6294.295288718902,947.5234093108575,0,1
0,0.7,0.0769443236665662,0.045261366862686,9915.204637733783,-6067.988454405473,1626.4439122511467,0,1
0,0.8,0.08147046035283481,0.045261366862686,9915.204637733783,-5841.681620092042,2305.3644151914395,0,1
0,0.9,0.08599659703910341,0.045261366862686,9915.204637733783,-5615.374785778612,2984.284918131729,0,1
0,1.0,0.090522733725372,0.045261366862686,9915.204637733783,-5389.067951465183,3663.205421072018,0,1
0,1.1,0.0950488704116406,0.045261366862686,9915.204637733783,-5162.761117151753,4342.125924012307,0,1
0,1.2,0.09957500709790922,0.045261366862686,9915.204637733783,-4936.454282838322,5021.0464269526,0,1
0,1.3,0.1041011437841778,0.045261366862686,9915.204637733783,-4710.147448524893,5699.9669298928875,0,1
0,1.4,0.10862728047044641,0.045261366862686,9915.204637733783,-4483.840614211463,6378.8874328331785,0,1
0,1.5,0.11315341715671501,0.045261366862686,9915.204637733783,-4257.533779898033,7057.807935773468,0,1
0,1.6,0.1176795538429836,0.045261366862686,9915.204637733783,-4031.2269455846026,7736.728438713759,0,1
0,1.7,0.12220569052925222,0.045261366862686,9915.204637733783,-3804.9201112711717,8415.64894165405,0,1
0,1.8,0.12673182721552081,0.045261366862686,9915.204637733783,-3578.6132769577425,9094.56944459434,0,1
0,1.9,0.1312579639017894,0.045261366862686,9915.204637733783,-3352.3064426443134,9773.489947534628,0,1
0,2.0,0.135784100588058,0.045261366862686,9915.204637733783,-3125.9996083308824,10452.41045047492,0,1
0,2.1,0.14031023727432662,0.045261366862686,9915.204637733783,-2899.6927740174515,11131.33095341521,0,1
0,2.2,0.1448363739605952,0.045261366862686,9915.204637733783,-2673.3859397040223,11810.251456355498,0,1
0,2.3,0.14936251064686382,0.045261366862686,9915.204637733783,-2447.0791053905923,12489.171959295789,0,1
0,2.4,0.1538886473331324,0.045261366862686,9915.204637733783,-2220.772271077163,13168.092462236076,0,1
0,2.5,0.158414784019401,0.045261366862686,9915.204637733783,-1994.4654367637322,13847.012965176367,0,1
0,2.6,0.16294092070566962,0.045261366862686,9915.204637733783,-1768.1586024503022,14525.933468116662,0,1
0,2.7,0.1674670573919382,0.045261366862686,9915.204637733783,-1541.8517681368721,15204.85397105695,0,1
0,2.8,0.17199319407820682,0.045261366862686,9915.204637733783,-1315.5449338234412,15883.77447399724,0,1
0,2.9,0.1765193307644754,0.045261366862686,9915.204637733783,-1089.238099510012,16562.694976937528,0,1
0,3.0,0.181045467450744,0.045261366862686,9915.204637733783,-862.9312651965829,17241.61547987782,0,1
0,3.1,0.1855716041370126,0.045261366862686,9915.204637733783,-636.6244308831538,17920.535982818106,0,1
0,3.2,0.1900977408232812,0.045261366862686,9915.204637733783,-410.3175965697228,18599.456485758397,0,1
0,3.3,0.19462387750954982,0.045261366862686,9915.204637733783,-184.01076225629186,19278.37698869869,0,1
0,3.4,0.19915001419581843,0.045261366862686,9915.204637733783,42.2960720571391,19957.297491638983,1,1
0,3.5,0.20367615088208701,0.045261366862686,9915.204637733783,268.60290637056823,20636.21799457927,1,1
0,3.6,0.2082022875683556,0.045261366862686,9915.204637733783,494.90974068399737,21315.138497519558,1,1
0,3.7,0.2127284242546242,0.045261366862686,9915.204637733783,721.2165749974283,21994.05900045985,1,1
0,3.8,0.21725456094089282,0.045261366862686,9915.204637733783,947.5234093108575,22672.97950340014,1,1
0,3.9,0.22178069762716143,0.045261366862686,9915.204637733783,1173.8302436242884,23351.90000634043,1,1
0,4.0,0.22630683431343002,0.045261366862686,9915.204637733783,1400.1370779377175,24030.82050928072,1,1
5,0.0,0.045261366862686,0.045261366862686,9415.98900786056,-7152.92066472626,-2626.78397845766,0,0
5,0.1,0.04978750354895461,0.045261366862686,9415.98900786056,-6926.61383041283,-1947.863475517369,0,0
5,0.2,0.054313640235223205,0.045261366862686,9415.98900786056,-6700.3069960994,-1268.9429725770797,0,0
5,0.3,0.0588397769214918,0.045261366862686,9415.98900786056,-6474.000161785971,-590.0224696367895,0,0
5,0.4,0.06336591360776041,0.045261366862686,9415.98900786056,-6247.69332747254,88.8980333035015,0,1
5,0.5,0.067892050294029,0.045261366862686,9415.98900786056,-6021.386493159111,767.8185362437907,0,1
5,0.6,0.0724181869802976,0.045261366862686,9415.98900786056,-5795.07965884568,1446.73903918408,0,1
5,0.7,0.0769443236665662,0.045261366862686,9415.98900786056,-5568.7728245322505,2125.659542124369,0,1
5,0.8,0.08147046035283481,0.045261366862686,9415.98900786056,-5342.46599021882,2804.580045064662,0,1
5,0.9,0.08599659703910341,0.045261366862686,9415.98900786056,-5116.1591559053895,3483.5005480049513,0,1
5,1.0,0.090522733725372,0.045261366862686,9415.98900786056,-4889.85232159196,4162.4210509452405,0,1
5,1.1,0.0950488704116406,0.045261366862686,9415.98900786056,-4663.54548727853,4841.34155388553,0,1
5,1.2,0.09957500709790922,0.045261366862686,9415.98900786056,-4437.238652965099,5520.262056825823,0,1
5,1.3,0.1041011437841778,0.045261366862686,9415.98900786056,-4210.93181865167,6199.18255976611,0,1
5,1.4,0.10862728047044641,0.045261366862686,9415.98900786056,-3984.62498433824,6878.103062706401,0,1
5,1.5,0.11315341715671501,0.045261366862686,9415.98900786056,-3758.31815002481,7557.02356564669,0,1
5,1.6,0.1176795538429836,0.045261366862686,9415.98900786056,-3532.01131571138,8235.944068586981,0,1
5,1.7,0.12220569052925222,0.045261366862686,9415.98900786056,-3305.704481397949,8914.864571527272,0,1
5,1.8,0.12673182721552081,0.045261366862686,9415.98900786056,-3079.39764708452,9593.785074467563,0,1
5,1.9,0.1312579639017894,0.045261366862686,9415.98900786056,-2853.090812771091,10272.70557740785,0,1
5,2.0,0.135784100588058,0.045261366862686,9415.98900786056,-2626.78397845766,10951.626080348142,0,1
5,2.1,0.14031023727432662,0.045261366862686,9415.98900786056,-2400.477144144229,11630.546583288433,0,1
5,2.2,0.1448363739605952,0.045261366862686,9415.98900786056,-2174.1703098308,12309.46708622872,0,1
5,2.3,0.14936251064686382,0.045261366862686,9415.98900786056,-1947.8634755173698,12988.387589169011,0,1
5,2.4,0.1538886473331324,0.045261366862686,9415.98900786056,-1721.5566412039407,13667.308092109299,0,1
5,2.5,0.158414784019401,0.045261366862686,9415.98900786056,-1495.2498068905097,14346.22859504959,0,1
5,2.6,0.16294092070566962,0.045261366862686,9415.98900786056,-1268.9429725770797,15025.149097989884,0,1
5,2.7,0.1674670573919382,0.045261366862686,9415.98900786056,-1042.6361382636496,15704.069600930172,0,1
5,2.8,0.17199319407820682,0.045261366862686,9415.98900786056,-816.3293039502187,16382.990103870463,0,1
5,2.9,0.1765193307644754,0.045261366862686,9415.98900786056,-590.0224696367895,17061.91060681075,0,1
5,3.0,0.181045467450744,0.045261366862686,9415.98900786056,-363.7156353233604,17740.83110975104,0,1
5,3.1,0.1855716041370126,0.045261366862686,9415.98900786056,-137.40880100993127,18419.75161269133,0,1
5,3.2,0.1900977408232812,0.045261366862686,9415.98900786056,88.89803330349969,19098.67211563162,1,1
5,3.3,0.19462387750954982,0.045261366862686,9415.98900786056,315.20486761693064,19777.59261857191,1,1
5,3.4,0.19915001419581843,0.045261366862686,9415.98900786056,541.5117019303616,20456.513121512206,1,1
5,3.5,0.20367615088208701,0.045261366862686,9415.98900786056,767.8185362437907,21135.433624452493,1,1
5,3.6,0.2082022875683556,0.045261366862686,9415.98900786056,994.1253705572199,21814.35412739278,1,1
5,3.7,0.2127284242546242,0.045261366862686,9415.98900786056,1220.4322048706508,22493.27463033307,1,1
5,3.8,0.21725456094089282,0.045261366862686,9415.98900786056,1446.73903918408,23172.195133273362,1,1
5,3.9,0.22178069762716143,0.045261366862686,9415.98900786056,1673.045873497511,23851.115636213653,1,1
5,4.0,0.22630683431343002,0.045261366862686,9415.98900786056,1899.35270781094,24530.03613915394,1,1
10,0.0,0.045261366862686,0.045261366862686,8916.773377987342,-6653.705034853041,-2127.568348584441,0,0
10,0.1,0.04978750354895461,0.045261366862686,8916.773377987342,-6427.398200539611,-1448.64784564415,0,0
10,0.2,0.054313640235223205,0.045261366862686,8916.773377987342,-6201.091366226181,-769.7273427038608,0,0
10,0.3,0.0588397769214918,0.045261366862686,8916.773377987342,-5974.784531912752,-90.80683976357068,0,0
10,0.4,0.06336591360776041,0.045261366862686,8916.773377987342,-5748.477697599321,588.1136631767204,0,1
10,0.5,0.067892050294029,0.045261366862686,8916.773377987342,-5522.170863285892,1267.0341661170096,0,1
10,0.6,0.0724181869802976,0.045261366862686,8916.773377987342,-5295.864028972461,1945.9546690572988,0,1
10,0.7,0.0769443236665662,0.045261366862686,8916.773377987342,-5069.557194659032,2624.875171997588,0,1
10,0.8,0.08147046035283481,0.045261366862686,8916.773377987342,-4843.250360345601,3303.795674937881,0,1
10,0.9,0.08599659703910341,0.045261366862686,8916.773377987342,-4616.943526032171,3982.71617787817,0,1
10,1.0,0.090522733725372,0.045261366862686,8916.773377987342,-4390.6366917187415,4661.636680818459,0,1
10,1.1,0.0950488704116406,0.045261366862686,8916.773377987342,-4164.3298574053115,5340.557183758749,0,1
10,1.2,0.09957500709790922,0.045261366862686,8916.773377987342,-3938.0230230918805,6019.477686699041,0,1
10,1.3,0.1041011437841778,0.045261366862686,8916.773377987342,-3711.7161887784514,6698.398189639329,0,1
10,1.4,0.10862728047044641,0.045261366862686,8916.773377987342,-3485.4093544650214,7377.31869257962,0,1
10,1.5,0.11315341715671501,0.045261366862686,8916.773377987342,-3259.1025201515913,8056.239195519909,0,1
10,1.6,0.1176795538429836,0.045261366862686,8916.773377987342,-3032.7956858381613,8735.1596984602,0,1
10,1.7,0.12220569052925222,0.045261366862686,8916.773377987342,-2806.4888515247303,9414.080201400491,0,1
10,1.8,0.12673182721552081,0.045261366862686,8916.773377987342,-2580.182017211301,10093.000704340782,0,1
10,1.9,0.1312579639017894,0.045261366862686,8916.773377987342,-2353.875182897872,10771.92120728107,0,1
10,2.0,0.135784100588058,0.045261366862686,8916.773377987342,-2127.568348584441,11450.84171022136,0,1
10,2.1,0.14031023727432662,0.045261366862686,8916.773377987342,-1901.2615142710101,12129.762213161652,0,1
10,2.2,0.1448363739605952,0.045261366862686,8916.773377987342,-1674.954679957581,12808.68271610194,0,1
10,2.3,0.14936251064686382,0.045261366862686,8916.773377987342,-1448.647845644151,13487.60321904223,0,1
10,2.4,0.1538886473331324,0.045261366862686,8916.773377987342,-1222.3410113307218,14166.523721982518,0,1
10,2.5,0.158414784019401,0.045261366862686,8916.773377987342,-996.0341770172909,14845.444224922809,0,1
10,2.6,0.16294092070566962,0.045261366862686,8916.773377987342,-769.7273427038608,15524.364727863103,0,1
10,2.7,0.1674670573919382,0.045261366862686,8916.773377987342,-543.4205083904308,16203.28523080339,0,1
10,2.8,0.17199319407820682,0.045261366862686,8916.773377987342,-317.1136740769998,16882.20573374368,0,1
10,2.9,0.1765193307644754,0.045261366862686,8916.773377987342,-90.80683976357068,17561.12623668397,0,1
10,3.0,0.181045467450744,0.045261366862686,8916.773377987342,135.49999454985846,18240.04673962426,1,1
10,3.1,0.1855716041370126,0.045261366862686,8916.773377987342,361.8068288632876,18918.967242564548,1,1
10,3.2,0.1900977408232812,0.045261366862686,8916.773377987342,588.1136631767185,19597.88774550484,1,1
10,3.3,0.19462387750954982,0.045261366862686,8916.773377987342,814.4204974901495,20276.80824844513,1,1
10,3.4,0.19915001419581843,0.045261366862686,8916.773377987342,1040.7273318035805,20955.728751385424,1,1
10,3.5,0.20367615088208701,0.045261366862686,8916.773377987342,1267.0341661170096,21634.64925432571,1,1
10,3.6,0.2082022875683556,0.045261366862686,8916.773377987342,1493.3410004304387,22313.569757266,1,1
10,3.7,0.2127284242546242,0.045261366862686,8916.773377987342,1719.6478347438697,22992.49026020629,1,1
10,3.8,0.21725456094089282,0.045261366862686,8916.773377987342,1945.9546690572988,23671.41076314658,1,1
10,3.9,0.22178069762716143,0.045261366862686,8916.773377987342,2172.2615033707298,24350.331266086872,1,1
10,4.0,0.22630683431343002,0.045261366862686,8916.773377987342,2398.568337684159,25029.25176902716,1,1
15,0.0,0.045261366862686,0.045261366862686,8417.557748114119,-6154.489404979819,-1628.3527187112186,0,0
15,0.1,0.04978750354895461,0.045261366862686,8417.557748114119,-5928.1825706663885,-949.4322157709275,0,0
15,0.2,0.054313640235223205,0.045261366862686,8417.557748114119,-5701.8757363529585,-270.5117128306383,0,0
15,0.3,0.0588397769214918,0.045261366862686,8417.557748114119,-5475.568902039529,408.4087901096518,0,1
15,0.4,0.06336591360776041,0.045261366862686,8417.557748114119,-5249.262067726098,1087.3292930499429,0,1
15,0.5,0.067892050294029,0.045261366862686,8417.557748114119,-5022.955233412669,1766.249795990232,0,1
15,0.6,0.0724181869802976,0.045261366862686,8417.557748114119,-4796.648399099238,2445.1702989305213,0,1
15,0.7,0.0769443236665662,0.045261366862686,8417.557748114119,-4570.341564785809,3124.0908018708105,0,1
15,0.8,0.08147046035283481,0.045261366862686,8417.557748114119,-4344.034730472378,3803.0113048111034,0,1
15,0.9,0.08599659703910341,0.045261366862686,8417.557748114119,-4117.727896158948,4481.931807751393,0,1
15,1.0,0.090522733725372,0.045261366862686,8417.557748114119,-3891.421061845519,5160.852310691682,0,1
15,1.1,0.0950488704116406,0.045261366862686,8417.557748114119,-3665.114227532089,5839.772813631971,0,1
15,1.2,0.09957500709790922,0.045261366862686,8417.557748114119,-3438.807393218658,6518.693316572264,0,1
15,1.3,0.1041011437841778,0.045261366862686,8417.557748114119,-3212.500558905229,7197.613819512551,0,1
15,1.4,0.10862728047044641,0.045261366862686,8417.557748114119,-2986.193724591799,7876.534322452842,0,1
15,1.5,0.11315341715671501,0.045261366862686,8417.557748114119,-2759.886890278369,8555.454825393132,0,1
15,1.6,0.1176795538429836,0.045261366862686,8417.557748114119,-2533.5800559649388,9234.375328333423,0,1
15,1.7,0.12220569052925222,0.045261366862686,8417.557748114119,-2307.273221651508,9913.295831273714,0,1
15,1.8,0.12673182721552081,0.045261366862686,8417.557748114119,-2080.9663873380787,10592.216334214005,0,1
15,1.9,0.1312579639017894,0.045261366862686,8417.557748114119,-1854.6595530246495,11271.136837154292,0,1
15,2.0,0.135784100588058,0.045261366862686,8417.557748114119,-1628.3527187112186,11950.057340094583,0,1
15,2.1,0.14031023727432662,0.045261366862686,8417.557748114119,-1402.0458843977876,12628.977843034874,0,1
15,2.2,0.1448363739605952,0.045261366862686,8417.557748114119,-1175.7390500843585,13307.898345975162,0,1
15,2.3,0.14936251064686382,0.045261366862686,8417.557748114119,-949.4322157709285,13986.818848915453,0,1
15,2.4,0.1538886473331324,0.045261366862686,8417.557748114119,-723.1253814574993,14665.73935185574,0,1
15,2.5,0.158414784019401,0.045261366862686,8417.557748114119,-496.81854714406836,15344.659854796031,0,1
15,2.6,0.16294092070566962,0.045261366862686,8417.557748114119,-270.5117128306383,16023.580357736326,0,1
15,2.7,0.1674670573919382,0.045261366862686,8417.557748114119,-44.20487851720827,16702.500860676613,0,1
15,2.8,0.17199319407820682,0.045261366862686,8417.557748114119,182.10195579622268,17381.421363616904,1,1
15,2.9,0.1765193307644754,0.045261366862686,8417.557748114119,408.4087901096518,18060.34186655719,1,1
15,3.0,0.181045467450744,0.045261366862686,8417.557748114119,634.715624423081,18739.262369497483,1,1
15,3.1,0.1855716041370126,0.045261366862686,8417.557748114119,861.0224587365101,19418.18287243777,1,1
15,3.2,0.1900977408232812,0.045261366862686,8417.557748114119,1087.329293049941,20097.10337537806,1,1
15,3.3,0.19462387750954982,0.045261366862686,8417.557748114119,1313.636127363372,20776.023878318352,1,1
15,3.4,0.19915001419581843,0.045261366862686,8417.557748114119,1539.942961676803,21454.944381258647,1,1
15,3.5,0.20367615088208701,0.045261366862686,8417.557748114119,1766.249795990232,22133.864884198934,1,1
15,3.6,0.2082022875683556,0.045261366862686,8417.557748114119,1992.5566303036612,22812.78538713922,1,1
15,3.7,0.2127284242546242,0.045261366862686,8417.557748114119,2218.863464617092,23491.705890079513,1,1
15,3.8,0.21725456094089282,0.045261366862686,8417.557748114119,2445.1702989305213,24170.626393019804,1,1
15,3.9,0.22178069762716143,0.045261366862686,8417.557748114119,2671.4771332439523,24849.546895960095,1,1
15,4.0,0.22630683431343002,0.045261366862686,8417.557748114119,2897.7839675573814,25528.467398900382,1,1
20,0.0,0.045261366862686,0.045261366862686,7918.3421182409,-5655.2737751066,-1129.1370888379997,0,0
20,0.1,0.04978750354895461,0.045261366862686,7918.3421182409,-5428.96694079317,-450.2165858977087,0,0
20,0.2,0.054313640235223205,0.045261366862686,7918.3421182409,-5202.66010647974,228.70391704258054,0,1
20,0.3,0.0588397769214918,0.045261366862686,7918.3421182409,-4976.3532721663105,907.6244199828707,0,1
20,0.4,0.06336591360776041,0.045261366862686,7918.3421182409,-4750.0464378528795,1586.5449229231617,0,1
20,0.5,0.067892050294029,0.045261366862686,7918.3421182409,-4523.73960353945,2265.465425863451,0,1
20,0.6,0.0724181869802976,0.045261366862686,7918.3421182409,-4297.432769226019,2944.38592880374,0,1
20,0.7,0.0769443236665662,0.045261366862686,7918.3421182409,-4071.1259349125903,3623.3064317440294,0,1
20,0.8,0.08147046035283481,0.045261366862686,7918.3421182409,-3844.81910059916,4302.226934684322,0,1
20,0.9,0.08599659703910341,0.045261366862686,7918.3421182409,-3618.5122662857293,4981.1474376246115,0,1
20,1.0,0.090522733725372,0.045261366862686,7918.3421182409,-3392.2054319723,5660.067940564901,0,1
20,1.1,0.0950488704116406,0.045261366862686,7918.3421182409,-3165.89859765887,6338.98844350519,0,1
20,1.2,0.09957500709790922,0.045261366862686,7918.3421182409,-2939.591763345439,7017.908946445483,0,1
20,1.3,0.1041011437841778,0.045261366862686,7918.3421182409,-2713.28492903201,7696.82944938577,0,1
20,1.4,0.10862728047044641,0.045261366862686,7918.3421182409,-2486.97809471858,8375.749952326061,0,1
20,1.5,0.11315341715671501,0.045261366862686,7918.3421182409,-2260.67126040515,9054.67045526635,0,1
20,1.6,0.1176795538429836,0.045261366862686,7918.3421182409,-2034.36442609172,9733.590958206642,0,1
20,1.7,0.12220569052925222,0.045261366862686,7918.3421182409,-1808.057591778289,10412.511461146933,0,1
20,1.8,0.12673182721552081,0.045261366862686,7918.3421182409,-1581.7507574648598,11091.431964087224,0,1
20,1.9,0.1312579639017894,0.045261366862686,7918.3421182409,-1355.4439231514307,11770.352467027511,0,1
20,2.0,0.135784100588058,0.045261366862686,7918.3421182409,-1129.1370888379997,12449.272969967802,0,1
20,2.1,0.14031023727432662,0.045261366862686,7918.3421182409,-902.8302545245688,13128.193472908093,0,1
20,2.2,0.1448363739605952,0.045261366862686,7918.3421182409,-676.5234202111396,13807.11397584838,0,1
20,2.3,0.14936251064686382,0.045261366862686,7918.3421182409,-450.2165858977096,14486.034478788672,0,1
20,2.4,0.1538886473331324,0.045261366862686,7918.3421182409,-223.90975158428046,15164.954981728959,0,1
20,2.5,0.158414784019401,0.045261366862686,7918.3421182409,2.3970827291504975,15843.87548466925,1,1
20,2.6,0.16294092070566962,0.045261366862686,7918.3421182409,228.70391704258054,16522.795987609545,1,1
20,2.7,0.1674670573919382,0.045261366862686,7918.3421182409,455.0107513560106,17201.716490549832,1,1
20,2.8,0.17199319407820682,0.045261366862686,7918.3421182409,681.3175856694415,17880.636993490123,1,1
20,2.9,0.1765193307644754,0.045261366862686,7918.3421182409,907.6244199828707,18559.55749643041,1,1
20,3.0,0.181045467450744,0.045261366862686,7918.3421182409,1133.9312542962998,19238.4779993707,1,1
20,3.1,0.1855716041370126,0.045261366862686,7918.3421182409,1360.238088609729,19917.39850231099,1,1
20,3.2,0.1900977408232812,0.045261366862686,7918.3421182409,1586.54492292316,20596.31900525128,1,1
20,3.3,0.19462387750954982,0.045261366862686,7918.3421182409,1812.8517572365909,21275.23950819157,1,1
20,3.4,0.19915001419581843,0.045261366862686,7918.3421182409,2039.1585915500218,21954.160011131866,1,1
20,3.5,0.20367615088208701,0.045261366862686,7918.3421182409,2265.465425863451,22633.080514072153,1,1
20,3.6,0.2082022875683556,0.045261366862686,7918.3421182409,2491.77226017688,23312.00101701244,1,1
20,3.7,0.2127284242546242,0.045261366862686,7918.3421182409,2718.079094490311,23990.92151995273,1,1
20,3.8,0.21725456094089282,0.045261366862686,7918.3421182409,2944.38592880374,24669.842022893023,1,1
20,3.9,0.22178069762716143,0.045261366862686,7918.3421182409,3170.692763117171,25348.762525833314,1,1
20,4.0,0.22630683431343002,0.045261366862686,7918.3421182409,3396.9995974306003,26027.6830287736,1,1
25,0.0,0.045261366862686,0.045261366862686,7419.126488367681,-5156.058145233381,-629.9214589647809,0,0
25,0.1,0.04978750354895461,0.045261366862686,7419.126488367681,-4929.751310919951,48.999043975510176,0,1
25,0.2,0.054313640235223205,0.045261366862686,7419.126488367681,-4703.444476606521,727.9195469157994,0,1
25,0.3,0.0588397769214918,0.045261366862686,7419.126488367681,-4477.137642293092,1406.8400498560895,0,1
25,0.4,0.06336591360776041,0.045261366862686,7419.126488367681,-4250.830807979661,2085.7605527963806,0,1
25,0.5,0.067892050294029,0.045261366862686,7419.126488367681,-4024.523973666231,2764.68105573667,0,1
25,0.6,0.0724181869802976,0.045261366862686,7419.126488367681,-3798.217139352801,3443.601558676959,0,1
25,0.7,0.0769443236665662,0.045261366862686,7419.126488367681,-3571.9103050393715,4122.522061617248,0,1
25,0.8,0.08147046035283481,0.045261366862686,7419.126488367681,-3345.603470725941,4801.442564557541,0,1
25,0.9,0.08599659703910341,0.045261366862686,7419.126488367681,-3119.2966364125105,5480.36306749783,0,1
25,1.0,0.090522733725372,0.045261366862686,7419.126488367681,-2892.9898020990813,6159.28357043812,0,1
25,1.1,0.0950488704116406,0.045261366862686,7419.126488367681,-2666.6829677856513,6838.204073378409,0,1
25,1.2,0.09957500709790922,0.045261366862686,7419.126488367681,-2440.3761334722203,7517.124576318702,0,1
25,1.3,0.1041011437841778,0.045261366862686,7419.126488367681,-2214.069299158791,8196.045079258989,0,1
25,1.4,0.10862728047044641,0.045261366862686,7419.126488367681,-1987.7624648453611,8874.96558219928,0,1
25,1.5,0.11315341715671501,0.045261366862686,7419.126488367681,-1761.455630531931,9553.88608513957,0,1
25,1.6,0.1176795538429836,0.045261366862686,7419.126488367681,-1535.148796218501,10232.80658807986,0,1
25,1.7,0.12220569052925222,0.045261366862686,7419.126488367681,-1308.84196190507,10911.727091020151,0,1
25,1.8,0.12673182721552081,0.045261366862686,7419.126488367681,-1082.535127591641,11590.647593960442,0,1
25,1.9,0.1312579639017894,0.045261366862686,7419.126488367681,-856.2282932782118,12269.56809690073,0,1
25,2.0,0.135784100588058,0.045261366862686,7419.126488367681,-629.9214589647809,12948.488599841021,0,1
25,2.1,0.14031023727432662,0.045261366862686,7419.126488367681,-403.6146246513499,13627.409102781312,0,1
25,2.2,0.1448363739605952,0.045261366862686,7419.126488367681,-177.30779033792078,14306.3296057216,0,1
25,2.3,0.14936251064686382,0.045261366862686,7419.126488367681,48.99904397550927,14985.25010866189,1,1
25,2.4,0.1538886473331324,0.045261366862686,7419.126488367681,275.3058782889384,15664.170611602178,1,1
25,2.5,0.158414784019401,0.045261366862686,7419.126488367681,501.61271260236936,16343.091114542469,1,1
25,2.6,0.16294092070566962,0.045261366862686,7419.126488367681,727.9195469157994,17022.011617482764,1,1
25,2.7,0.1674670573919382,0.045261366862686,7419.126488367681,954.2263812292294,17700.93212042305,1,1
25,2.8,0.17199319407820682,0.045261366862686,7419.126488367681,1180.5332155426604,18379.852623363342,1,1
25,2.9,0.1765193307644754,0.045261366862686,7419.126488367681,1406.8400498560895,19058.77312630363,1,1
25,3.0,0.181045467450744,0.045261366862686,7419.126488367681,1633.1468841695187,19737.69362924392,1,1
25,3.1,0.1855716041370126,0.045261366862686,7419.126488367681,1859.4537184829478,20416.614132184208,1,1
25,3.2,0.1900977408232812,0.045261366862686,7419.126488367681,2085.7605527963788,21095.5346351245,1,1
25,3.3,0.19462387750954982,0.045261366862686,7419.126488367681,2312.0673871098097,21774.45513806479,1,1
25,3.4,0.19915001419581843,0.045261366862686,7419.126488367681,2538.3742214232407,22453.375641005085,1,1
25,3.5,0.20367615088208701,0.045261366862686,7419.126488367681,2764.68105573667,23132.296143945372,1,1
25,3.6,0.2082022875683556,0.045261366862686,7419.126488367681,2990.987890050099,23811.21664688566,1,1
25,3.7,0.2127284242546242,0.045261366862686,7419.126488367681,3217.29472436353,24490.13714982595,1,1
25,3.8,0.21725456094089282,0.045261366862686,7419.126488367681,3443.601558676959,25169.05765276624,1,1
25,3.9,0.22178069762716143,0.045261366862686,7419.126488367681,3669.90839299039,25847.978155706533,1,1
25,4.0,0.22630683431343002,0.045261366862686,7419.126488367681,3896.215227303819,26526.89865864682,1,1
30,0.0,0.045261366862686,0.045261366862686,6919.910858494462,-4656.842515360162,-130.705829091562,0,0
30,0.1,0.04978750354895461,0.045261366862686,6919.910858494462,-4430.535681046732,548.214673848729,0,1
30,0.2,0.054313640235223205,0.045261366862686,6919.910858494462,-4204.228846733302,1227.1351767890183,0,1
30,0.3,0.0588397769214918,0.045261366862686,6919.910858494462,-3977.9220124198723,1906.0556797293084,0,1
30,0.4,0.06336591360776041,0.045261366862686,6919.910858494462,-3751.6151781064423,2584.9761826695994,0,1
30,0.5,0.067892050294029,0.045261366862686,6919.910858494462,-3525.308343793012,3263.8966856098887,0,1
30,0.6,0.0724181869802976,0.045261366862686,6919.910858494462,-3299.001509479582,3942.817188550178,0,1
30,0.7,0.0769443236665662,0.045261366862686,6919.910858494462,-3072.6946751661526,4621.737691490467,0,1
30,0.8,0.08147046035283481,0.045261366862686,6919.910858494462,-2846.387840852722,5300.65819443076,0,1
30,0.9,0.08599659703910341,0.045261366862686,6919.910858494462,-2620.0810065392916,5979.578697371049,0,1
30,1.0,0.090522733725372,0.045261366862686,6919.910858494462,-2393.7741722258625,6658.499200311338,0,1
30,1.1,0.0950488704116406,0.045261366862686,6919.910858494462,-2167.4673379124324,7337.419703251628,0,1
30,1.2,0.09957500709790922,0.045261366862686,6919.910858494462,-1941.1605035990015,8016.3402061919205,0,1
30,1.3,0.1041011437841778,0.045261366862686,6919.910858494462,-1714.8536692855723,8695.260709132208,0,1
30,1.4,0.10862728047044641,0.045261366862686,6919.910858494462,-1488.5468349721423,9374.181212072499,0,1
30,1.5,0.11315341715671501,0.045261366862686,6919.910858494462,-1262.2400006587122,10053.101715012788,0,1
30,1.6,0.1176795538429836,0.045261366862686,6919.910858494462,-1035.9331663452822,10732.02221795308,0,1
30,1.7,0.12220569052925222,0.045261366862686,6919.910858494462,-809.6263320318512,11410.94272089337,0,1
30,1.8,0.12673182721552081,0.045261366862686,6919.910858494462,-583.3194977184221,12089.863223833661,0,1
30,1.9,0.1312579639017894,0.045261366862686,6919.910858494462,-357.01266340499296,12768.783726773949,0,1
30,2.0,0.135784100588058,0.045261366862686,6919.910858494462,-130.705829091562,13447.70422971424,0,1
30,2.1,0.14031023727432662,0.045261366862686,6919.910858494462,95.60100522186895,14126.62473265453,1,1
30,2.2,0.1448363739605952,0.045261366862686,6919.910858494462,321.9078395352981,14805.545235594818,1,1
30,2.3,0.14936251064686382,0.045261366862686,6919.910858494462,548.2146738487281,15484.46573853511,1,1
30,2.4,0.1538886473331324,0.045261366862686,6919.910858494462,774.5215081621573,16163.386241475397,1,1
30,2.5,0.158414784019401,0.045261366862686,6919.910858494462,1000.8283424755882,16842.306744415688,1,1
30,2.6,0.16294092070566962,0.045261366862686,6919.910858494462,1227.1351767890183,17521.227247355982,1,1
30,2.7,0.1674670573919382,0.045261366862686,6919.910858494462,1453.4420111024483,18200.14775029627,1,1
30,2.8,0.17199319407820682,0.045261366862686,6919.910858494462,1679.7488454158793,18879.06825323656,1,1
30,2.9,0.1765193307644754,0.045261366862686,6919.910858494462,1906.0556797293084,19557.98875617685,1,1
30,3.0,0.181045467450744,0.045261366862686,6919.910858494462,2132.3625140427375,20236.90925911714,1,1
30,3.1,0.1855716041370126,0.045261366862686,6919.910858494462,2358.6693483561667,20915.829762057427,1,1
30,3.2,0.1900977408232812,0.045261366862686,6919.910858494462,2584.9761826695976,21594.750264997718,1,1
30,3.3,0.19462387750954982,0.045261366862686,6919.910858494462,2811.2830169830286,22273.67076793801,1,1
30,3.4,0.19915001419581843,0.045261366862686,6919.910858494462,3037.5898512964595,22952.591270878303,1,1
30,3.5,0.20367615088208701,0.045261366862686,6919.910858494462,3263.8966856098887,23631.51177381859,1,1
30,3.6,0.2082022875683556,0.045261366862686,6919.910858494462,3490.203519923318,24310.43227675888,1,1
30,3.7,0.2127284242546242,0.045261366862686,6919.910858494462,3716.5103542367488,24989.35277969917,1,1
30,3.8,0.21725456094089282,0.045261366862686,6919.910858494462,3942.817188550178,25668.27328263946,1,1
30,3.9,0.22178069762716143,0.045261366862686,6919.910858494462,4169.124022863609,26347.19378557975,1,1
30,4.0,0.22630683431343002,0.045261366862686,6919.910858494462,4395.430857177038,27026.11428852004,1,1
35,0.0,0.045261366862686,0.045261366862686,6420.695228621244,-4157.626885486943,368.50980078165685,0,1
35,0.1,0.04978750354895461,0.045261366862686,6420.695228621244,-3931.320051173513,1047.430303721948,0,1
35,0.2,0.054313640235223205,0.045261366862686,6420.695228621244,-3705.0132168600835,1726.3508066622371,0,1
35,0.3,0.0588397769214918,0.045261366862686,6420.695228621244,-3478.7063825466535,2405.2713096025273,0,1
35,0.4,0.06336591360776041,0.045261366862686,6420.695228621244,-3252.3995482332234,3084.1918125428183,0,1
35,0.5,0.067892050294029,0.045261366862686,6420.695228621244,-3026.0927139197934,3763.1123154831075,0,1
35,0.6,0.0724181869802976,0.045261366862686,6420.695228621244,-2799.7858796063633,4442.032818423397,0,1
35,0.7,0.0769443236665662,0.045261366862686,6420.695228621244,-2573.4790452929337,5120.953321363686,0,1
35,0.8,0.08147046035283481,0.045261366862686,6420.695228621244,-2347.1722109795032,5799.873824303979,0,1
35,0.9,0.08599659703910341,0.045261366862686,6420.695228621244,-2120.8653766660727,6478.794327244268,0,1
35,1.0,0.090522733725372,0.045261366862686,6420.695228621244,-1894.5585423526436,7157.714830184557,0,1
35,1.1,0.0950488704116406,0.045261366862686,6420.695228621244,-1668.2517080392136,7836.6353331248465,0,1
35,1.2,0.09957500709790922,0.045261366862686,6420.695228621244,-1441.9448737257826,8515.55583606514,0,1
35,1.3,0.1041011437841778,0.045261366862686,6420.695228621244,-1215.6380394123535,9194.476339005427,0,1
35,1.4,0.10862728047044641,0.045261366862686,6420.695228621244,-989.3312050989234,9873.396841945718,0,1
35,1.5,0.11315341715671501,0.045261366862686,6420.695228621244,-763.0243707854934,10552.317344886007,0,1
35,1.6,0.1176795538429836,0.045261366862686,6420.695228621244,-536.7175364720633,11231.237847826298,0,1
35,1.7,0.12220569052925222,0.045261366862686,6420.695228621244,-310.4107021586324,11910.15835076659,0,1
35,1.8,0.12673182721552081,0.045261366862686,6420.695228621244,-84.10386784520324,12589.07885370688,0,1
35,1.9,0.1312579639017894,0.045261366862686,6420.695228621244,142.2029664682259,13267.999356647168,1,1
35,2.0,0.135784100588058,0.045261366862686,6420.695228621244,368.50980078165685,13946.919859587459,1,1
35,2.1,0.14031023727432662,0.045261366862686,6420.695228621244,594.8166350950878,14625.84036252775,1,1
35,2.2,0.1448363739605952,0.045261366862686,6420.695228621244,821.1234694085169,15304.760865468037,1,1
35,2.3,0.14936251064686382,0.045261366862686,6420.695228621244,1047.430303721947,15983.681368408328,1,1
35,2.4,0.1538886473331324,0.045261366862686,6420.695228621244,1273.7371380353761,16662.601871348616,1,1
35,2.5,0.158414784019401,0.045261366862686,6420.695228621244,1500.043972348807,17341.522374288907,1,1
35,2.6,0.16294092070566962,0.045261366862686,6420.695228621244,1726.3508066622371,18020.4428772292,1,1
35,2.7,0.1674670573919382,0.045261366862686,6420.695228621244,1952.6576409756672,18699.36338016949,1,1
35,2.8,0.17199319407820682,0.045261366862686,6420.695228621244,2178.964475289098,19378.28388310978,1,1
35,2.9,0.1765193307644754,0.045261366862686,6420.695228621244,2405.2713096025273,20057.204386050067,1,1
35,3.0,0.181045467450744,0.045261366862686,6420.695228621244,2631.5781439159564,20736.124888990358,1,1
35,3.1,0.1855716041370126,0.045261366862686,6420.695228621244,2857.8849782293855,21415.045391930646,1,1
35,3.2,0.1900977408232812,0.045261366862686,6420.695228621244,3084.1918125428165,22093.965894870937,1,1
35,3.3,0.19462387750954982,0.045261366862686,6420.695228621244,3310.4986468562474,22772.886397811228,1,1
35,3.4,0.19915001419581843,0.045261366862686,6420.695228621244,3536.8054811696784,23451.806900751522,1,1
35,3.5,0.20367615088208701,0.045261366862686,6420.695228621244,3763.1123154831075,24130.72740369181,1,1
35,3.6,0.2082022875683556,0.045261366862686,6420.695228621244,3989.4191497965367,24809.647906632097,1,1
35,3.7,0.2127284242546242,0.045261366862686,6420.695228621244,4215.725984109968,25488.56840957239,1,1
35,3.8,0.21725456094089282,0.045261366862686,6420.695228621244,4442.032818423397,26167.48891251268,1,1
35,3.9,0.22178069762716143,0.045261366862686,6420.695228621244,4668.339652736828,26846.40941545297,1,1
35,4.0,0.22630683431343002,0.045261366862686,6420.695228621244,4894.646487050257,27525.329918393258,1,1
40,0.0,0.045261366862686,0.045261366862686,5921.479598748025,-3658.4112556137247,867.7254306548757,0,1
40,0.1,0.04978750354895461,0.045261366862686,5921.479598748025,-3432.1044213002942,1546.6459335951668,0,1
40,0.2,0.054313640235223205,0.045261366862686,5921.479598748025,-3205.7975869868646,2225.566436535456,0,1
40,0.3,0.0588397769214918,0.045261366862686,5921.479598748025,-2979.4907526734346,2904.486939475746,0,1
40,0.4,0.06336591360776041,0.045261366862686,5921.479598748025,-2753.1839183600046,3583.407442416037,0,1
40,0.5,0.067892050294029,0.045261366862686,5921.479598748025,-2526.8770840465745,4262.327945356326,0,1
40,0.6,0.0724181869802976,0.045261366862686,5921.479598748025,-2300.5702497331445,4941.248448296616,0,1
40,0.7,0.0769443236665662,0.045261366862686,5921.479598748025,-2074.263415419715,5620.168951236905,0,1
40,0.8,0.08147046035283481,0.045261366862686,5921.479598748025,-1847.9565811062844,6299.089454177198,0,1
40,0.9,0.08599659703910341,0.045261366862686,5921.479598748025,-1621.6497467928539,6978.009957117487,0,1
40,1.0,0.090522733725372,0.045261366862686,5921.479598748025,-1395.3429124794247,7656.930460057776,0,1
40,1.1,0.0950488704116406,0.045261366862686,5921.479598748025,-1169.0360781659947,8335.850962998065,0,1
40,1.2,0.09957500709790922,0.045261366862686,5921.479598748025,-942.7292438525637,9014.771465938358,0,1
40,1.3,0.1041011437841778,0.045261366862686,5921.479598748025,-716.4224095391346,9693.691968878646,0,1
40,1.4,0.10862728047044641,0.045261366862686,5921.479598748025,-490.11557522570456,10372.612471818937,0,1
40,1.5,0.11315341715671501,0.045261366862686,5921.479598748025,-263.8087409122745,11051.532974759226,0,1
40,1.6,0.1176795538429836,0.045261366862686,5921.479598748025,-37.50190659884447,11730.453477699517,0,1
40,1.7,0.12220569052925222,0.045261366862686,5921.479598748025,188.80492771458648,12409.373980639808,1,1
40,1.8,0.12673182721552081,0.045261366862686,5921.479598748025,415.1117620280156,13088.294483580099,1,1
40,1.9,0.1312579639017894,0.045261366862686,5921.479598748025,641.4185963414448,13767.214986520386,1,1
40,2.0,0.135784100588058,0.045261366862686,5921.479598748025,867.7254306548757,14446.135489460677,1,1
40,2.1,0.14031023727432662,0.045261366862686,5921.479598748025,1094.0322649683067,15125.055992400969,1,1
40,2.2,0.1448363739605952,0.045261366862686,5921.479598748025,1320.3390992817358,15803.976495341256,1,1
40,2.3,0.14936251064686382,0.045261366862686,5921.479598748025,1546.6459335951658,16482.896998281547,1,1
40,2.4,0.1538886473331324,0.045261366862686,5921.479598748025,1772.952767908595,17161.817501221834,1,1
40,2.5,0.158414784019401,0.045261366862686,5921.479598748025,1999.259602222026,17840.738004162125,1,1
40,2.6,0.16294092070566962,0.045261366862686,5921.479598748025,2225.566436535456,18519.65850710242,1,1
40,2.7,0.1674670573919382,0.045261366862686,5921.479598748025,2451.873270848886,19198.579010042708,1,1
40,2.8,0.17199319407820682,0.045261366862686,5921.479598748025,2678.180105162317,19877.499512983,1,1
40,2.9,0.1765193307644754,0.045261366862686,5921.479598748025,2904.486939475746,20556.420015923286,1,1
40,3.0,0.181045467450744,0.045261366862686,5921.479598748025,3130.7937737891752,21235.340518863577,1,1
40,3.1,0.1855716041370126,0.045261366862686,5921.479598748025,3357.1006081026044,21914.261021803864,1,1
40,3.2,0.1900977408232812,0.045261366862686,5921.479598748025,3583.4074424160353,22593.181524744155,1,1
40,3.3,0.19462387750954982,0.045261366862686,5921.479598748025,3809.7142767294663,23272.102027684447,1,1
40,3.4,0.19915001419581843,0.045261366862686,5921.479598748025,4036.0211110428972,23951.02253062474,1,1
40,3.5,0.20367615088208701,0.045261366862686,5921.479598748025,4262.327945356326,24629.94303356503,1,1
40,3.6,0.2082022875683556,0.045261366862686,5921.479598748025,4488.6347796697555,25308.863536505316,1,1
40,3.7,0.2127284242546242,0.045261366862686,5921.479598748025,4714.9416139831865,25987.784039445607,1,1
40,3.8,0.21725456094089282,0.045261366862686,5921.479598748025,4941.248448296616,26666.704542385898,1,1
40,3.9,0.22178069762716143,0.045261366862686,5921.479598748025,5167.555282610047,27345.62504532619,1,1
40,4.0,0.22630683431343002,0.045261366862686,5921.479598748025,5393.862116923476,28024.545548266477,1,1
45,0.0,0.045261366862686,0.045261366862686,5422.263968874806,-3159.195625740506,1366.9410605280946,0,1
45,0.1,0.04978750354895461,0.045261366862686,5422.263968874806,-2932.8887914270754,2045.8615634683856,0,1
45,0.2,0.054313640235223205,0.045261366862686,5422.263968874806,-2706.581957113646,2724.782066408675,0,1
45,0.3,0.0588397769214918,0.045261366862686,5422.263968874806,-2480.2751228002157,3403.702569348965,0,1
45,0.4,0.06336591360776041,0.045261366862686,5422.263968874806,-2253.9682884867857,4082.623072289256,0,1
45,0.5,0.067892050294029,0.045261366862686,5422.263968874806,-2027.6614541733557,4761.543575229545,0,1
45,0.6,0.0724181869802976,0.045261366862686,5422.263968874806,-1801.3546198599256,5440.4640781698345,0,1
45,0.7,0.0769443236665662,0.045261366862686,5422.263968874806,-1575.047785546496,6119.384581110124,0,1
45,0.8,0.08147046035283481,0.045261366862686,5422.263968874806,-1348.7409512330655,6798.305084050417,0,1
45,0.9,0.08599659703910341,0.045261366862686,5422.263968874806,-1122.434116919635,7477.225586990706,0,1
45,1.0,0.090522733725372,0.045261366862686,5422.263968874806,-896.1272826062059,8156.146089930995,0,1
45,1.1,0.0950488704116406,0.045261366862686,5422.263968874806,-669.8204482927758,8835.066592871284,0,1
45,1.2,0.09957500709790922,0.045261366862686,5422.263968874806,-443.5136139793449,9513.987095811577,0,1
45,1.3,0.1041011437841778,0.045261366862686,5422.263968874806,-217.20677966591575,10192.907598751864,0,1
45,1.4,0.10862728047044641,0.045261366862686,5422.263968874806,9.100054647514298,10871.828101692156,1,1
45,1.5,0.11315341715671501,0.045261366862686,5422.263968874806,235.40688896094434,11550.748604632445,1,1
45,1.6,0.1176795538429836,0.045261366862686,5422.263968874806,461.7137232743744,12229.669107572736,1,1
45,1.7,0.12220569052925222,0.045261366862686,5422.263968874806,688.0205575878053,12908.589610513027,1,1
45,1.8,0.12673182721552081,0.045261366862686,5422.263968874806,914.3273919012345,13587.510113453318,1,1
45,1.9,0.1312579639017894,0.045261366862686,5422.263968874806,1140.6342262146636,14266.430616393605,1,1
45,2.0,0.135784100588058,0.045261366862686,5422.263968874806,1366.9410605280946,14945.351119333896,1,1
45,2.1,0.14031023727432662,0.045261366862686,5422.263968874806,1593.2478948415255,15624.271622274187,1,1
45,2.2,0.1448363739605952,0.045261366862686,5422.263968874806,1819.5547291549547,16303.192125214475,1,1
45,2.3,0.14936251064686382,0.045261366862686,5422.263968874806,2045.8615634683847,16982.112628154766,1,1
45,2.4,0.1538886473331324,0.045261366862686,5422.263968874806,2272.168397781814,17661.033131095053,1,1
45,2.5,0.158414784019401,0.045261366862686,5422.263968874806,2498.475232095245,18339.953634035344,1,1
45,2.6,0.16294092070566962,0.045261366862686,5422.263968874806,2724.782066408675,19018.87413697564,1,1
45,2.7,0.1674670573919382,0.045261366862686,5422.263968874806,2951.088900722105,19697.794639915926,1,1
45,2.8,0.17199319407820682,0.045261366862686,5422.263968874806,3177.395735035536,20376.715142856217,1,1
45,2.9,0.1765193307644754,0.045261366862686,5422.263968874806,3403.702569348965,21055.635645796505,1,1
45,3.0,0.181045467450744,0.045261366862686,5422.263968874806,3630.009403662394,21734.556148736796,1,1
45,3.1,0.1855716041370126,0.045261366862686,5422.263968874806,3856.3162379758232,22413.476651677083,1,1
45,3.2,0.1900977408232812,0.045261366862686,5422.263968874806,4082.623072289254,23092.397154617374,1,1
45,3.3,0.19462387750954982,0.045261366862686,5422.263968874806,4308.929906602685,23771.317657557665,1,1
45,3.4,0.19915001419581843,0.045261366862686,5422.263968874806,4535.236740916116,24450.23816049796,1,1
45,3.5,0.20367615088208701,0.045261366862686,5422.263968874806,4761.543575229545,25129.158663438247,1,1
45,3.6,0.2082022875683556,0.045261366862686,5422.263968874806,4987.850409542974,25808.079166378535,1,1
45,3.7,0.2127284242546242,0.045261366862686,5422.263968874806,5214.157243856405,26486.999669318826,1,1
45,3.8,0.21725456094089282,0.045261366862686,5422.263968874806,5440.4640781698345,27165.920172259117,1,1
45,3.9,0.22178069762716143,0.045261366862686,5422.263968874806,5666.770912483265,27844.840675199408,1,1
45,4.0,0.22630683431343002,0.045261366862686,5422.263968874806,5893.077746796695,28523.761178139695,1,1
50,0.0,0.045261366862686,0.045261366862686,4923.048339001587,-2659.979995867287,1866.1566904013134,0,1
50,0.1,0.04978750354895461,0.045261366862686,4923.048339001587,-2433.6731615538565,2545.0771933416045,0,1
50,0.2,0.054313640235223205,0.045261366862686,4923.048339001587,-2207.366327240427,3223.9976962818937,0,1
50,0.3,0.0588397769214918,0.045261366862686,4923.048339001587,-1981.0594929269969,3902.918199222184,0,1
50,0.4,0.06336591360776041,0.045261366862686,4923.048339001587,-1754.7526586135668,4581.838702162475,0,1
50,0.5,0.067892050294029,0.045261366862686,4923.048339001587,-1528.4458243001368,5260.759205102764,0,1
50,0.6,0.0724181869802976,0.045261366862686,4923.048339001587,-1302.1389899867067,5939.679708043053,0,1
50,0.7,0.0769443236665662,0.045261366862686,4923.048339001587,-1075.8321556732772,6618.600210983343,0,1
50,0.8,0.08147046035283481,0.045261366862686,4923.048339001587,-849.5253213598467,7297.520713923635,0,1
50,0.9,0.08599659703910341,0.045261366862686,4923.048339001587,-623.2184870464162,7976.441216863925,0,1
50,1.0,0.090522733725372,0.045261366862686,4923.048339001587,-396.911652732987,8655.361719804214,0,1
50,1.1,0.0950488704116406,0.045261366862686,4923.048339001587,-170.60481841955698,9334.282222744503,0,1
50,1.2,0.09957500709790922,0.045261366862686,4923.048339001587,55.70201589387398,10013.202725684796,1,1
50,1.3,0.1041011437841778,0.045261366862686,4923.048339001587,282.0088502073031,10692.123228625083,1,1
50,1.4,0.10862728047044641,0.045261366862686,4923.048339001587,508.31568452073316,11371.043731565374,1,1
50,1.5,0.11315341715671501,0.045261366862686,4923.048339001587,734.6225188341632,12049.964234505664,1,1
50,1.6,0.1176795538429836,0.045261366862686,4923.048339001587,960.9293531475932,12728.884737445955,1,1
50,1.7,0.12220569052925222,0.045261366862686,4923.048339001587,1187.2361874610242,13407.805240386246,1,1
50,1.8,0.12673182721552081,0.045261366862686,4923.048339001587,1413.5430217744533,14086.725743326537,1,1
50,1.9,0.1312579639017894,0.045261366862686,4923.048339001587,1639.8498560878825,14765.646246266824,1,1
50,2.0,0.135784100588058,0.045261366862686,4923.048339001587,1866.1566904013134,15444.566749207115,1,1
50,2.1,0.14031023727432662,0.045261366862686,4923.048339001587,2092.4635247147444,16123.487252147406,1,1
50,2.2,0.1448363739605952,0.045261366862686,4923.048339001587,2318.7703590281735,16802.407755087694,1,1
50,2.3,0.14936251064686382,0.045261366862686,4923.048339001587,2545.0771933416036,17481.328258027985,1,1
50,2.4,0.1538886473331324,0.045261366862686,4923.048339001587,2771.3840276550327,18160.248760968272,1,1
50,2.5,0.158414784019401,0.045261366862686,4923.048339001587,2997.6908619684637,18839.169263908563,1,1
50,2.6,0.16294092070566962,0.045261366862686,4923.048339001587,3223.9976962818937,19518.089766848858,1,1
50,2.7,0.1674670573919382,0.045261366862686,4923.048339001587,3450.3045305953237,20197.010269789145,1,1
50,2.8,0.17199319407820682,0.045261366862686,4923.048339001587,3676.6113649087547,20875.930772729436,1,1
50,2.9,0.1765193307644754,0.045261366862686,4923.048339001587,3902.918199222184,21554.851275669724,1,1
50,3.0,0.181045467450744,0.045261366862686,4923.048339001587,4129.225033535613,22233.771778610015,1,1
50,3.1,0.1855716041370126,0.045261366862686,4923.048339001587,4355.531867849042,22912.692281550302,1,1
50,3.2,0.1900977408232812,0.045261366862686,4923.048339001587,4581.838702162473,23591.612784490593,1,1
50,3.3,0.19462387750954982,0.045261366862686,4923.048339001587,4808.145536475904,24270.533287430884,1,1
50,3.4,0.19915001419581843,0.045261366862686,4923.048339001587,5034.452370789335,24949.45379037118,1,1
50,3.5,0.20367615088208701,0.045261366862686,4923.048339001587,5260.759205102764,25628.374293311466,1,1
50,3.6,0.2082022875683556,0.045261366862686,4923.048339001587,5487.066039416193,26307.294796251754,1,1
50,3.7,0.2127284242546242,0.045261366862686,4923.048339001587,5713.372873729624,26986.215299192045,1,1
50,3.8,0.21725456094089282,0.045261366862686,4923.048339001587,5939.679708043053,27665.135802132336,1,1
50,3.9,0.22178069762716143,0.045261366862686,4923.048339001587,6165.986542356484,28344.056305072627,1,1
50,4.0,0.22630683431343002,0.045261366862686,4923.048339001587,6392.293376669913,29022.976808012914,1,1
55,0.0,0.045261366862686,0.045261366862686,4423.832709128372,-2160.764365994072,2365.3723202745286,0,1
55,0.1,0.04978750354895461,0.045261366862686,4423.832709128372,-1934.4575316806413,3044.2928232148197,0,1
55,0.2,0.054313640235223205,0.045261366862686,4423.832709128372,-1708.1506973672117,3723.213326155109,0,1
55,0.3,0.0588397769214918,0.045261366862686,4423.832709128372,-1481.8438630537817,4402.133829095399,0,1
55,0.4,0.06336591360776041,0.045261366862686,4423.832709128372,-1255.5370287403516,5081.05433203569,0,1
55,0.5,0.067892050294029,0.045261366862686,4423.832709128372,-1029.2301944269216,5759.974834975979,0,1
55,0.6,0.0724181869802976,0.045261366862686,4423.832709128372,-802.9233601134915,6438.8953379162685,0,1
55,0.7,0.0769443236665662,0.045261366862686,4423.832709128372,-576.6165258000619,7117.815840856558,0,1
55,0.8,0.08147046035283481,0.045261366862686,4423.832709128372,-350.30969148663144,7796.736343796851,0,1
55,0.9,0.08599659703910341,0.045261366862686,4423.832709128372,-124.00285717320094,8475.65684673714,0,1
55,1.0,0.090522733725372,0.045261366862686,4423.832709128372,102.3039771402282,9154.577349677429,1,1
55,1.1,0.0950488704116406,0.045261366862686,4423.832709128372,328.61081145365824,9833.497852617718,1,1
55,1.2,0.09957500709790922,0.045261366862686,4423.832709128372,554.9176457670892,10512.418355558011,1,1
55,1.3,0.1041011437841778,0.045261366862686,4423.832709128372,781.2244800805183,11191.338858498299,1,1
55,1.4,0.10862728047044641,0.045261366862686,4423.832709128372,1007.5313143939484,11870.25936143859,1,1
55,1.5,0.11315341715671501,0.045261366862686,4423.832709128372,1233.8381487073784,12549.179864378879,1,1
55,1.6,0.1176795538429836,0.045261366862686,4423.832709128372,1460.1449830208085,13228.10036731917,1,1
55,1.7,0.12220569052925222,0.045261366862686,4423.832709128372,1686.4518173342394,13907.020870259461,1,1
55,1.8,0.12673182721552081,0.045261366862686,4423.832709128372,1912.7586516476686,14585.941373199752,1,1
55,1.9,0.1312579639017894,0.045261366862686,4423.832709128372,2139.0654859610977,15264.86187614004,1,1
55,2.0,0.135784100588058,0.045261366862686,4423.832709128372,2365.3723202745286,15943.78237908033,1,1
55,2.1,0.14031023727432662,0.045261366862686,4423.832709128372,2591.6791545879596,16622.70288202062,1,1
55,2.2,0.1448363739605952,0.045261366862686,4423.832709128372,2817.9859889013887,17301.62338496091,1,1
55,2.3,0.14936251064686382,0.045261366862686,4423.832709128372,3044.292823214819,17980.5438879012,1,1
55,2.4,0.1538886473331324,0.045261366862686,4423.832709128372,3270.599657528248,18659.464390841487,1,1
55,2.5,0.158414784019401,0.045261366862686,4423.832709128372,3496.906491841679,19338.38489378178,1,1
55,2.6,0.16294092070566962,0.045261366862686,4423.832709128372,3723.213326155109,20017.305396722073,1,1
55,2.7,0.1674670573919382,0.045261366862686,4423.832709128372,3949.520160468539,20696.22589966236,1,1
55,2.8,0.17199319407820682,0.045261366862686,4423.832709128372,4175.82699478197,21375.14640260265,1,1
55,2.9,0.1765193307644754,0.045261366862686,4423.832709128372,4402.133829095399,22054.06690554294,1,1
55,3.0,0.181045467450744,0.045261366862686,4423.832709128372,4628.440663408828,22732.98740848323,1,1
55,3.1,0.1855716041370126,0.045261366862686,4423.832709128372,4854.747497722257,23411.907911423517,1,1
55,3.2,0.1900977408232812,0.045261366862686,4423.832709128372,5081.054332035688,24090.82841436381,1,1
55,3.3,0.19462387750954982,0.045261366862686,4423.832709128372,5307.361166349119,24769.7489173041,1,1
55,3.4,0.19915001419581843,0.045261366862686,4423.832709128372,5533.66800066255,25448.669420244394,1,1
55,3.5,0.20367615088208701,0.045261366862686,4423.832709128372,5759.974834975979,26127.58992318468,1,1
55,3.6,0.2082022875683556,0.045261366862686,4423.832709128372,5986.2816692894085,26806.51042612497,1,1
55,3.7,0.2127284242546242,0.045261366862686,4423.832709128372,6212.588503602839,27485.43092906526,1,1
55,3.8,0.21725456094089282,0.045261366862686,4423.832709128372,6438.8953379162685,28164.35143200555,1,1
55,3.9,0.22178069762716143,0.045261366862686,4423.832709128372,6665.2021722296995,28843.271934945842,1,1
55,4.0,0.22630683431343002,0.045261366862686,4423.832709128372,6891.509006543129,29522.19243788613,1,1
60,0.0,0.045261366862686,0.045261366862686,3924.6170792551493,-1661.5487361208493,2864.587950147751,0,1
60,0.1,0.04978750354895461,0.045261366862686,3924.6170792551493,-1435.2419018074188,3543.508453088042,0,1
60,0.2,0.054313640235223205,0.045261366862686,3924.6170792551493,-1208.9350674939892,4222.428956028331,0,1
60,0.3,0.0588397769214918,0.045261366862686,3924.6170792551493,-982.6282331805592,4901.349458968622,0,1
60,0.4,0.06336591360776041,0.045261366862686,3924.6170792551493,-756.3213988671291,5580.269961908913,0,1
60,0.5,0.067892050294029,0.045261366862686,3924.6170792551493,-530.0145645536991,6259.190464849202,0,1
60,0.6,0.0724181869802976,0.045261366862686,3924.6170792551493,-303.70773024026903,6938.110967789491,0,1
60,0.7,0.0769443236665662,0.045261366862686,3924.6170792551493,-77.40089592683944,7617.03147072978,0,1
60,0.8,0.08147046035283481,0.045261366862686,3924.6170792551493,148.90593838659106,8295.951973670073,1,1
60,0.9,0.08599659703910341,0.045261366862686,3924.6170792551493,375.21277270002156,8974.872476610362,1,1
60,1.0,0.090522733725372,0.045261366862686,3924.6170792551493,601.5196070134507,9653.792979550652,1,1
60,1.1,0.0950488704116406,0.045261366862686,3924.6170792551493,827.8264413268807,10332.71348249094,1,1
60,1.2,0.09957500709790922,0.045261366862686,3924.6170792551493,1054.1332756403117,11011.633985431234,1,1
60,1.3,0.1041011437841778,0.045261366862686,3924.6170792551493,1280.4401099537408,11690.554488371521,1,1
60,1.4,0.10862728047044641,0.045261366862686,3924.6170792551493,1506.7469442671709,12369.474991311812,1,1
60,1.5,0.11315341715671501,0.045261366862686,3924.6170792551493,1733.053778580601,13048.395494252101,1,1
60,1.6,0.1176795538429836,0.045261366862686,3924.6170792551493,1959.360612894031,13727.315997192392,1,1
60,1.7,0.12220569052925222,0.045261366862686,3924.6170792551493,2185.667447207462,14406.236500132683,1,1
60,1.8,0.12673182721552081,0.045261366862686,3924.6170792551493,2411.974281520891,15085.157003072974,1,1
60,1.9,0.1312579639017894,0.045261366862686,3924.6170792551493,2638.28111583432,15764.077506013262,1,1
60,2.0,0.135784100588058,0.045261366862686,3924.6170792551493,2864.587950147751,16442.998008953553,1,1
60,2.1,0.14031023727432662,0.045261366862686,3924.6170792551493,3090.894784461182,17121.918511893844,1,1
60,2.2,0.1448363739605952,0.045261366862686,3924.6170792551493,3317.2016187746112,17800.83901483413,1,1
60,2.3,0.14936251064686382,0.045261366862686,3924.6170792551493,3543.5084530880413,18479.759517774422,1,1
60,2.4,0.1538886473331324,0.045261366862686,3924.6170792551493,3769.8152874014704,19158.68002071471,1,1
60,2.5,0.158414784019401,0.045261366862686,3924.6170792551493,3996.1221217149014,19837.600523655,1,1
60,2.6,0.16294092070566962,0.045261366862686,3924.6170792551493,4222.428956028331,20516.521026595296,1,1
60,2.7,0.1674670573919382,0.045261366862686,3924.6170792551493,4448.7357903417615,21195.441529535583,1,1
60,2.8,0.17199319407820682,0.045261366862686,3924.6170792551493,4675.042624655192,21874.362032475874,1,1
60,2.9,0.1765193307644754,0.045261366862686,3924.6170792551493,4901.349458968622,22553.28253541616,1,1
60,3.0,0.181045467450744,0.045261366862686,3924.6170792551493,5127.656293282051,23232.203038356452,1,1
60,3.1,0.1855716041370126,0.045261366862686,3924.6170792551493,5353.96312759548,23911.12354129674,1,1
60,3.2,0.1900977408232812,0.045261366862686,3924.6170792551493,5580.269961908911,24590.04404423703,1,1
60,3.3,0.19462387750954982,0.045261366862686,3924.6170792551493,5806.576796222342,25268.964547177322,1,1
60,3.4,0.19915001419581843,0.045261366862686,3924.6170792551493,6032.883630535773,25947.885050117617,1,1
60,3.5,0.20367615088208701,0.045261366862686,3924.6170792551493,6259.190464849202,26626.805553057904,1,1
60,3.6,0.2082022875683556,0.045261366862686,3924.6170792551493,6485.497299162631,27305.72605599819,1,1
60,3.7,0.2127284242546242,0.045261366862686,3924.6170792551493,6711.804133476062,27984.646558938482,1,1
60,3.8,0.21725456094089282,0.045261366862686,3924.6170792551493,6938.110967789491,28663.567061878774,1,1
60,3.9,0.22178069762716143,0.045261366862686,3924.6170792551493,7164.417802102922,29342.487564819065,1,1
60,4.0,0.22630683431343002,0.045261366862686,3924.6170792551493,7390.724636416351,30021.408067759352,1,1
65,0.0,0.045261366862686,0.045261366862686,3425.401449381927,-1162.3331062476268,3363.8035800209736,0,1
65,0.1,0.04978750354895461,0.045261366862686,3425.401449381927,-936.0262719341963,4042.7240829612647,0,1
65,0.2,0.054313640235223205,0.045261366862686,3425.401449381927,-709.7194376207667,4721.644585901554,0,1
65,0.3,0.0588397769214918,0.045261366862686,3425.401449381927,-483.41260330733667,5400.565088841844,0,1
65,0.4,0.06336591360776041,0.045261366862686,3425.401449381927,-257.1057689939066,6079.485591782135,0,1
65,0.5,0.067892050294029,0.045261366862686,3425.401449381927,-30.798934680476577,6758.406094722424,0,1
65,0.6,0.0724181869802976,0.045261366862686,3425.401449381927,195.50789963295347,7437.3265976627135,1,1
65,0.7,0.0769443236665662,0.045261366862686,3425.401449381927,421.81473394638306,8116.247100603003,1,1
65,0.8,0.08147046035283481,0.045261366862686,3425.401449381927,648.1215682598136,8795.167603543296,1,1
65,0.9,0.08599659703910341,0.045261366862686,3425.401449381927,874.428402573244,9474.088106483585,1,1
65,1.0,0.090522733725372,0.045261366862686,3425.401449381927,1100.7352368866732,10153.008609423874,1,1
65,1.1,0.0950488704116406,0.045261366862686,3425.401449381927,1327.0420712001032,10831.929112364163,1,1
65,1.2,0.09957500709790922,0.045261366862686,3425.401449381927,1553.3489055135342,11510.849615304456,1,1
65,1.3,0.1041011437841778,0.045261366862686,3425.401449381927,1779.6557398269633,12189.770118244744,1,1
65,1.4,0.10862728047044641,0.045261366862686,3425.401449381927,2005.9625741403934,12868.690621185035,1,1
65,1.5,0.11315341715671501,0.045261366862686,3425.401449381927,2232.2694084538234,13547.611124125324,1,1
65,1.6,0.1176795538429836,0.045261366862686,3425.401449381927,2458.5762427672535,14226.531627065615,1,1
65,1.7,0.12220569052925222,0.045261366862686,3425.401449381927,2684.8830770806844,14905.452130005906,1,1
65,1.8,0.12673182721552081,0.045261366862686,3425.401449381927,2911.1899113941136,15584.372632946197,1,1
65,1.9,0.1312579639017894,0.045261366862686,3425.401449381927,3137.4967457075427,16263.293135886484,1,1
65,2.0,0.135784100588058,0.045261366862686,3425.401449381927,3363.8035800209736,16942.213638826775,1,1
65,2.1,0.14031023727432662,0.045261366862686,3425.401449381927,3590.1104143344046,17621.134141767066,1,1
65,2.2,0.1448363739605952,0.045261366862686,3425.401449381927,3816.4172486478337,18300.054644707354,1,1
65,2.3,0.14936251064686382,0.045261366862686,3425.401449381927,4042.724082961264,18978.975147647645,1,1
65,2.4,0.1538886473331324,0.045261366862686,3425.401449381927,4269.030917274693,19657.895650587932,1,1
65,2.5,0.158414784019401,0.045261366862686,3425.401449381927,4495.337751588124,20336.816153528223,1,1
65,2.6,0.16294092070566962,0.045261366862686,3425.401449381927,4721.644585901554,21015.736656468518,1,1
65,2.7,0.1674670573919382,0.045261366862686,3425.401449381927,4947.951420214984,21694.657159408805,1,1
65,2.8,0.17199319407820682,0.045261366862686,3425.401449381927,5174.258254528415,22373.577662349096,1,1
65,2.9,0.1765193307644754,0.045261366862686,3425.401449381927,5400.565088841844,23052.498165289384,1,1
65,3.0,0.181045467450744,0.045261366862686,3425.401449381927,5626.871923155273,23731.418668229675,1,1
65,3.1,0.1855716041370126,0.045261366862686,3425.401449381927,5853.178757468702,24410.339171169962,1,1
65,3.2,0.1900977408232812,0.045261366862686,3425.401449381927,6079.485591782133,25089.259674110253,1,1
65,3.3,0.19462387750954982,0.045261366862686,3425.401449381927,6305.792426095564,25768.180177050544,1,1
65,3.4,0.19915001419581843,0.045261366862686,3425.401449381927,6532.099260408995,26447.10067999084,1,1
65,3.5,0.20367615088208701,0.045261366862686,3425.401449381927,6758.406094722424,27126.021182931127,1,1
65,3.6,0.2082022875683556,0.045261366862686,3425.401449381927,6984.712929035853,27804.941685871414,1,1
65,3.7,0.2127284242546242,0.045261366862686,3425.401449381927,7211.019763349284,28483.862188811705,1,1
65,3.8,0.21725456094089282,0.045261366862686,3425.401449381927,7437.3265976627135,29162.782691751996,1,1
65,3.9,0.22178069762716143,0.045261366862686,3425.401449381927,7663.6334319761445,29841.703194692287,1,1
65,4.0,0.22630683431343002,0.045261366862686,3425.401449381927,7889.940266289574,30520.623697632574,1,1
70,0.0,0.045261366862686,0.045261366862686,2926.185819508706,-663.1174763744061,3863.0192098941943,0,1
70,0.1,0.04978750354895461,0.045261366862686,2926.185819508706,-436.8106420609756,4541.939712834485,0,1
70,0.2,0.054313640235223205,0.045261366862686,2926.185819508706,-210.50380774754603,5220.860215774775,0,1
70,0.3,0.0588397769214918,0.045261366862686,2926.185819508706,15.80302656588401,5899.780718715065,1,1
70,0.4,0.06336591360776041,0.045261366862686,2926.185819508706,242.10986087931406,6578.701221655356,1,1
70,0.5,0.067892050294029,0.045261366862686,2926.185819508706,468.4166951927441,7257.621724595645,1,1
70,0.6,0.0724181869802976,0.045261366862686,2926.185819508706,694.7235295061741,7936.542227535934,1,1
70,0.7,0.0769443236665662,0.045261366862686,2926.185819508706,921.0303638196037,8615.462730476223,1,1
70,0.8,0.08147046035283481,0.045261366862686,2926.185819508706,1147.3371981330342,9294.383233416516,1,1
70,0.9,0.08599659703910341,0.045261366862686,2926.185819508706,1373.6440324464647,9973.303736356806,1,1
70,1.0,0.090522733725372,0.045261366862686,2926.185819508706,1599.9508667598939,10652.224239297095,1,1
70,1.1,0.0950488704116406,0.045261366862686,2926.185819508706,1826.257701073324,11331.144742237384,1,1
70,1.2,0.09957500709790922,0.045261366862686,2926.185819508706,2052.564535386755,12010.065245177677,1,1
70,1.3,0.1041011437841778,0.045261366862686,2926.185819508706,2278.871369700184,12688.985748117964,1,1
70,1.4,0.10862728047044641,0.045261366862686,2926.185819508706,2505.178204013614,13367.906251058255,1,1
70,1.5,0.11315341715671501,0.045261366862686,2926.185819508706,2731.485038327044,14046.826753998545,1,1
70,1.6,0.1176795538429836,0.045261366862686,2926.185819508706,2957.791872640474,14725.747256938836,1,1
70,1.7,0.12220569052925222,0.045261366862686,2926.185819508706,3184.098706953905,15404.667759879127,1,1
70,1.8,0.12673182721552081,0.045261366862686,2926.185819508706,3410.4055412673342,16083.588262819418,1,1
70,1.9,0.1312579639017894,0.045261366862686,2926.185819508706,3636.7123755807634,16762.508765759703,1,1
70,2.0,0.135784100588058,0.045261366862686,2926.185819508706,3863.0192098941943,17441.429268699998,1,1
70,2.1,0.14031023727432662,0.045261366862686,2926.185819508706,4089.3260442076253,18120.349771640285,1,1
70,2.2,0.1448363739605952,0.045261366862686,2926.185819508706,4315.632878521054,18799.270274580573,1,1
70,2.3,0.14936251064686382,0.045261366862686,2926.185819508706,4541.939712834484,19478.190777520867,1,1
70,2.4,0.1538886473331324,0.045261366862686,2926.185819508706,4768.246547147914,20157.111280461155,1,1
70,2.5,0.158414784019401,0.045261366862686,2926.185819508706,4994.5533814613445,20836.031783401442,1,1
70,2.6,0.16294092070566962,0.045261366862686,2926.185819508706,5220.860215774775,21514.952286341737,1,1
70,2.7,0.1674670573919382,0.045261366862686,2926.185819508706,5447.167050088205,22193.872789282024,1,1
70,2.8,0.17199319407820682,0.045261366862686,2926.185819508706,5673.473884401636,22872.79329222232,1,1
70,2.9,0.1765193307644754,0.045261366862686,2926.185819508706,5899.780718715065,23551.713795162606,1,1
70,3.0,0.181045467450744,0.045261366862686,2926.185819508706,6126.087553028494,24230.634298102894,1,1
70,3.1,0.1855716041370126,0.045261366862686,2926.185819508706,6352.394387341923,24909.55480104318,1,1
70,3.2,0.1900977408232812,0.045261366862686,2926.185819508706,6578.701221655354,25588.475303983476,1,1
70,3.3,0.19462387750954982,0.045261366862686,2926.185819508706,6805.008055968785,26267.395806923763,1,1
70,3.4,0.19915001419581843,0.045261366862686,2926.185819508706,7031.314890282216,26946.316309864058,1,1
70,3.5,0.20367615088208701,0.045261366862686,2926.185819508706,7257.621724595645,27625.236812804345,1,1
70,3.6,0.2082022875683556,0.045261366862686,2926.185819508706,7483.928558909074,28304.157315744633,1,1
70,3.7,0.2127284242546242,0.045261366862686,2926.185819508706,7710.235393222505,28983.077818684927,1,1
70,3.8,0.21725456094089282,0.045261366862686,2926.185819508706,7936.542227535934,29661.998321625215,1,1
70,3.9,0.22178069762716143,0.045261366862686,2926.185819508706,8162.849061849365,30340.91882456551,1,1
70,4.0,0.22630683431343002,0.045261366862686,2926.185819508706,8389.155896162794,31019.839327505797,1,1
75,0.0,0.045261366862686,0.045261366862686,2426.9701896354873,-163.90184650118726,4362.234839767413,0,1
75,0.1,0.04978750354895461,0.045261366862686,2426.9701896354873,62.404987812243235,5041.155342707704,1,1
75,0.2,0.054313640235223205,0.045261366862686,2426.9701896354873,288.7118221256728,5720.075845647993,1,1
75,0.3,0.0588397769214918,0.045261366862686,2426.9701896354873,515.0186564391029,6398.996348588284,1,1
75,0.4,0.06336591360776041,0.045261366862686,2426.9701896354873,741.3254907525329,7077.916851528575,1,1
75,0.5,0.067892050294029,0.045261366862686,2426.9701896354873,967.632325065963,7756.837354468864,1,1
75,0.6,0.0724181869802976,0.045261366862686,2426.9701896354873,1193.939159379393,8435.757857409153,1,1
75,0.7,0.0769443236665662,0.045261366862686,2426.9701896354873,1420.2459936928226,9114.678360349442,1,1
75,0.8,0.08147046035283481,0.045261366862686,2426.9701896354873,1646.552828006253,9793.598863289735,1,1
75,0.9,0.08599659703910341,0.045261366862686,2426.9701896354873,1872.8596623196836,10472.519366230024,1,1
75,1.0,0.090522733725372,0.045261366862686,2426.9701896354873,2099.1664966331127,11151.439869170314,1,1
75,1.1,0.0950488704116406,0.045261366862686,2426.9701896354873,2325.473330946543,11830.360372110603,1,1
75,1.2,0.09957500709790922,0.045261366862686,2426.9701896354873,2551.7801652599737,12509.280875050896,1,1
75,1.3,0.1041011437841778,0.045261366862686,2426.9701896354873,2778.086999573403,13188.201377991183,1,1
75,1.4,0.10862728047044641,0.045261366862686,2426.9701896354873,3004.393833886833,13867.121880931474,1,1
75,1.5,0.11315341715671501,0.045261366862686,2426.9701896354873,3230.700668200263,14546.042383871763,1,1
75,1.6,0.1176795538429836,0.045261366862686,2426.9701896354873,3457.007502513693,15224.962886812054,1,1
75,1.7,0.12220569052925222,0.045261366862686,2426.9701896354873,3683.314336827124,15903.883389752345,1,1
75,1.8,0.12673182721552081,0.045261366862686,2426.9701896354873,3909.621171140553,16582.80389269264,1,1
75,1.9,0.1312579639017894,0.045261366862686,2426.9701896354873,4135.928005453982,17261.724395632926,1,1
75,2.0,0.135784100588058,0.045261366862686,2426.9701896354873,4362.234839767413,17940.644898573213,1,1
75,2.1,0.14031023727432662,0.045261366862686,2426.9701896354873,4588.541674080844,18619.565401513508,1,1
75,2.2,0.1448363739605952,0.045261366862686,2426.9701896354873,4814.848508394273,19298.485904453795,1,1
75,2.3,0.14936251064686382,0.045261366862686,2426.9701896354873,5041.155342707703,19977.406407394083,1,1
75,2.4,0.1538886473331324,0.045261366862686,2426.9701896354873,5267.462177021132,20656.32691033437,1,1
75,2.5,0.158414784019401,0.045261366862686,2426.9701896354873,5493.769011334563,21335.247413274665,1,1
75,2.6,0.16294092070566962,0.045261366862686,2426.9701896354873,5720.075845647993,22014.16791621496,1,1
75,2.7,0.1674670573919382,0.045261366862686,2426.9701896354873,5946.3826799614235,22693.088419155247,1,1
75,2.8,0.17199319407820682,0.045261366862686,2426.9701896354873,6172.689514274854,23372.008922095534,1,1
75,2.9,0.1765193307644754,0.045261366862686,2426.9701896354873,6398.996348588284,24050.92942503582,1,1
75,3.0,0.181045467450744,0.045261366862686,2426.9701896354873,6625.303182901713,24729.849927976116,1,1
75,3.1,0.1855716041370126,0.045261366862686,2426.9701896354873,6851.610017215142,25408.770430916404,1,1
75,3.2,0.1900977408232812,0.045261366862686,2426.9701896354873,7077.916851528573,26087.69093385669,1,1
75,3.3,0.19462387750954982,0.045261366862686,2426.9701896354873,7304.223685842004,26766.611436796986,1,1
75,3.4,0.19915001419581843,0.045261366862686,2426.9701896354873,7530.530520155435,27445.53193973728,1,1
75,3.5,0.20367615088208701,0.045261366862686,2426.9701896354873,7756.837354468864,28124.452442677568,1,1
75,3.6,0.2082022875683556,0.045261366862686,2426.9701896354873,7983.144188782293,28803.372945617855,1,1
75,3.7,0.2127284242546242,0.045261366862686,2426.9701896354873,8209.451023095724,29482.293448558143,1,1
75,3.8,0.21725456094089282,0.045261366862686,2426.9701896354873,8435.757857409153,30161.213951498437,1,1
75,3.9,0.22178069762716143,0.045261366862686,2426.9701896354873,8662.064691722584,30840.134454438725,1,1
75,4.0,0.22630683431343002,0.045261366862686,2426.9701896354873,8888.371526036013,31519.054957379012,1,1
80,0.0,0.045261366862686,0.045261366862686,1927.7545597622666,335.3137833720334,4861.450469640634,1,1
80,0.1,0.04978750354895461,0.045261366862686,1927.7545597622666,561.6206176854639,5540.370972580925,1,1
80,0.2,0.054313640235223205,0.045261366862686,1927.7545597622666,787.9274519988935,6219.291475521214,1,1
80,0.3,0.0588397769214918,0.045261366862686,1927.7545597622666,1014.2342863123235,6898.211978461504,1,1
80,0.4,0.06336591360776041,0.045261366862686,1927.7545597622666,1240.5411206257536,7577.132481401795,1,1
80,0.5,0.067892050294029,0.045261366862686,1927.7545597622666,1466.8479549391836,8256.052984342085,1,1
80,0.6,0.0724181869802976,0.045261366862686,1927.7545597622666,1693.1547892526137,8934.973487282374,1,1
80,0.7,0.0769443236665662,0.045261366862686,1927.7545597622666,1919.4616235660433,9613.893990222663,1,1
80,0.8,0.08147046035283481,0.045261366862686,1927.7545597622666,2145.7684578794738,10292.814493162956,1,1
80,0.9,0.08599659703910341,0.045261366862686,1927.7545597622666,2372.0752921929043,10971.734996103245,1,1
80,1.0,0.090522733725372,0.045261366862686,1927.7545597622666,2598.3821265063334,11650.655499043534,1,1
80,1.1,0.0950488704116406,0.045261366862686,1927.7545597622666,2824.6889608197635,12329.576001983824,1,1
80,1.2,0.09957500709790922,0.045261366862686,1927.7545597622666,3050.9957951331944,13008.496504924116,1,1
80,1.3,0.1041011437841778,0.045261366862686,1927.7545597622666,3277.3026294466235,13687.417007864404,1,1
80,1.4,0.10862728047044641,0.045261366862686,1927.7545597622666,3503.6094637600536,14366.337510804695,1,1
80,1.5,0.11315341715671501,0.045261366862686,1927.7545597622666,3729.9162980734836,15045.258013744984,1,1
80,1.6,0.1176795538429836,0.045261366862686,1927.7545597622666,3956.2231323869137,15724.178516685275,1,1
80,1.7,0.12220569052925222,0.045261366862686,1927.7545597622666,4182.529966700345,16403.099019625566,1,1
80,1.8,0.12673182721552081,0.045261366862686,1927.7545597622666,4408.836801013774,17082.019522565857,1,1
80,1.9,0.1312579639017894,0.045261366862686,1927.7545597622666,4635.143635327203,17760.940025506145,1,1
80,2.0,0.135784100588058,0.045261366862686,1927.7545597622666,4861.450469640634,18439.860528446436,1,1
80,2.1,0.14031023727432662,0.045261366862686,1927.7545597622666,5087.757303954065,19118.781031386727,1,1
80,2.2,0.1448363739605952,0.045261366862686,1927.7545597622666,5314.064138267494,19797.701534327014,1,1
80,2.3,0.14936251064686382,0.045261366862686,1927.7545597622666,5540.370972580924,20476.622037267305,1,1
80,2.4,0.1538886473331324,0.045261366862686,1927.7545597622666,5766.677806894353,21155.542540207593,1,1
80,2.5,0.158414784019401,0.045261366862686,1927.7545597622666,5992.984641207784,21834.463043147884,1,1
80,2.6,0.16294092070566962,0.045261366862686,1927.7545597622666,6219.291475521214,22513.38354608818,1,1
80,2.7,0.1674670573919382,0.045261366862686,1927.7545597622666,6445.598309834644,23192.304049028466,1,1
80,2.8,0.17199319407820682,0.045261366862686,1927.7545597622666,6671.905144148075,23871.224551968757,1,1
80,2.9,0.1765193307644754,0.045261366862686,1927.7545597622666,6898.211978461504,24550.145054909044,1,1
80,3.0,0.181045467450744,0.045261366862686,1927.7545597622666,7124.518812774933,25229.065557849335,1,1
80,3.1,0.1855716041370126,0.045261366862686,1927.7545597622666,7350.8256470883625,25907.986060789623,1,1
80,3.2,0.1900977408232812,0.045261366862686,1927.7545597622666,7577.1324814017935,26586.906563729914,1,1
80,3.3,0.19462387750954982,0.045261366862686,1927.7545597622666,7803.439315715224,27265.827066670205,1,1
80,3.4,0.19915001419581843,0.045261366862686,1927.7545597622666,8029.746150028655,27944.7475696105,1,1
80,3.5,0.20367615088208701,0.045261366862686,1927.7545597622666,8256.052984342085,28623.668072550787,1,1
80,3.6,0.2082022875683556,0.045261366862686,1927.7545597622666,8482.359818655514,29302.588575491074,1,1
80,3.7,0.2127284242546242,0.045261366862686,1927.7545597622666,8708.666652968945,29981.509078431365,1,1
80,3.8,0.21725456094089282,0.045261366862686,1927.7545597622666,8934.973487282374,30660.429581371656,1,1
80,3.9,0.22178069762716143,0.045261366862686,1927.7545597622666,9161.280321595805,31339.350084311947,1,1
80,4.0,0.22630683431343002,0.045261366862686,1927.7545597622666,9387.587155909234,32018.270587252235,1,1
85,0.0,0.045261366862686,0.045261366862686,1428.538929889046,834.5294132452541,5360.6660995138545,1,1
85,0.1,0.04978750354895461,0.045261366862686,1428.538929889046,1060.8362475586846,6039.586602454146,1,1
85,0.2,0.054313640235223205,0.045261366862686,1428.538929889046,1287.1430818721142,6718.507105394435,1,1
85,0.3,0.0588397769214918,0.045261366862686,1428.538929889046,1513.4499161855442,7397.427608334725,1,1
85,0.4,0.06336591360776041,0.045261366862686,1428.538929889046,1739.7567504989743,8076.348111275016,1,1
85,0.5,0.067892050294029,0.045261366862686,1428.538929889046,1966.0635848124043,8755.268614215305,1,1
85,0.6,0.0724181869802976,0.045261366862686,1428.538929889046,2192.3704191258344,9434.189117155594,1,1
85,0.7,0.0769443236665662,0.045261366862686,1428.538929889046,2418.677253439264,10113.109620095884,1,1
85,0.8,0.08147046035283481,0.045261366862686,1428.538929889046,2644.9840877526944,10792.030123036177,1,1
85,0.9,0.08599659703910341,0.045261366862686,1428.538929889046,2871.290922066125,11470.950625976466,1,1
85,1.0,0.090522733725372,0.045261366862686,1428.538929889046,3097.597756379554,12149.871128916755,1,1
85,1.1,0.0950488704116406,0.045261366862686,1428.538929889046,3323.904590692984,12828.791631857044,1,1
85,1.2,0.09957500709790922,0.045261366862686,1428.538929889046,3550.211425006415,13507.712134797337,1,1
85,1.3,0.1041011437841778,0.045261366862686,1428.538929889046,3776.518259319844,14186.632637737624,1,1
85,1.4,0.10862728047044641,0.045261366862686,1428.538929889046,4002.8250936332743,14865.553140677916,1,1
85,1.5,0.11315341715671501,0.045261366862686,1428.538929889046,4229.131927946704,15544.473643618205,1,1
85,1.6,0.1176795538429836,0.045261366862686,1428.538929889046,4455.438762260134,16223.394146558496,1,1
85,1.7,0.12220569052925222,0.045261366862686,1428.538929889046,4681.745596573565,16902.31464949879,1,1
85,1.8,0.12673182721552081,0.045261366862686,1428.538929889046,4908.052430886994,17581.235152439076,1,1
85,1.9,0.1312579639017894,0.045261366862686,1428.538929889046,5134.359265200424,18260.155655379363,1,1
85,2.0,0.135784100588058,0.045261366862686,1428.538929889046,5360.6660995138545,18939.076158319658,1,1
85,2.1,0.14031023727432662,0.045261366862686,1428.538929889046,5586.9729338272855,19617.996661259946,1,1
85,2.2,0.1448363739605952,0.045261366862686,1428.538929889046,5813.279768140715,20296.917164200233,1,1
85,2.3,0.14936251064686382,0.045261366862686,1428.538929889046,6039.586602454145,20975.837667140528,1,1
85,2.4,0.1538886473331324,0.045261366862686,1428.538929889046,6265.893436767574,21654.758170080815,1,1
85,2.5,0.158414784019401,0.045261366862686,1428.538929889046,6492.200271081005,22333.678673021102,1,1
85,2.6,0.16294092070566962,0.045261366862686,1428.538929889046,6718.507105394435,23012.599175961397,1,1
85,2.7,0.1674670573919382,0.045261366862686,1428.538929889046,6944.813939707865,23691.519678901685,1,1
85,2.8,0.17199319407820682,0.045261366862686,1428.538929889046,7171.120774021296,24370.44018184198,1,1
85,2.9,0.1765193307644754,0.045261366862686,1428.538929889046,7397.427608334725,25049.360684782267,1,1
85,3.0,0.181045467450744,0.045261366862686,1428.538929889046,7623.734442648154,25728.281187722554,1,1
85,3.1,0.1855716041370126,0.045261366862686,1428.538929889046,7850.041276961583,26407.20169066284,1,1
85,3.2,0.1900977408232812,0.045261366862686,1428.538929889046,8076.348111275014,27086.122193603136,1,1
85,3.3,0.19462387750954982,0.045261366862686,1428.538929889046,8302.654945588445,27765.042696543424,1,1
85,3.4,0.19915001419581843,0.045261366862686,1428.538929889046,8528.961779901876,28443.96319948372,1,1
85,3.5,0.20367615088208701,0.045261366862686,1428.538929889046,8755.268614215305,29122.883702424006,1,1
85,3.6,0.2082022875683556,0.045261366862686,1428.538929889046,8981.575448528734,29801.804205364293,1,1
85,3.7,0.2127284242546242,0.045261366862686,1428.538929889046,9207.882282842165,30480.724708304588,1,1
85,3.8,0.21725456094089282,0.045261366862686,1428.538929889046,9434.189117155594,31159.645211244875,1,1
85,3.9,0.22178069762716143,0.045261366862686,1428.538929889046,9660.495951469025,31838.56571418517,1,1
85,4.0,0.22630683431343002,0.045261366862686,1428.538929889046,9886.802785782455,32517.486217125457,1,1
90,0.0,0.045261366862686,0.045261366862686,929.3233000158252,1333.7450431184748,5859.881729387075,1,1
90,0.1,0.04978750354895461,0.045261366862686,929.3233000158252,1560.0518774319053,6538.802232327366,1,1
90,0.2,0.054313640235223205,0.045261366862686,929.3233000158252,1786.3587117453349,7217.7227352676555,1,1
90,0.3,0.0588397769214918,0.045261366862686,929.3233000158252,2012.665546058765,7896.643238207946,1,1
90,0.4,0.06336591360776041,0.045261366862686,929.3233000158252,2238.972380372195,8575.563741148237,1,1
90,0.5,0.067892050294029,0.045261366862686,929.3233000158252,2465.279214685625,9254.484244088526,1,1
90,0.6,0.0724181869802976,0.045261366862686,929.3233000158252,2691.586048999055,9933.404747028815,1,1
90,0.7,0.0769443236665662,0.045261366862686,929.3233000158252,2917.8928833124846,10612.325249969104,1,1
90,0.8,0.08147046035283481,0.045261366862686,929.3233000158252,3144.199717625915,11291.245752909397,1,1
90,0.9,0.08599659703910341,0.045261366862686,929.3233000158252,3370.5065519393456,11970.166255849686,1,1
90,1.0,0.090522733725372,0.045261366862686,929.3233000158252,3596.8133862527748,12649.086758789976,1,1
90,1.1,0.0950488704116406,0.045261366862686,929.3233000158252,3823.120220566205,13328.007261730265,1,1
90,1.2,0.09957500709790922,0.045261366862686,929.3233000158252,4049.4270548796358,14006.927764670558,1,1
90,1.3,0.1041011437841778,0.045261366862686,929.3233000158252,4275.733889193065,14685.848267610845,1,1
90,1.4,0.10862728047044641,0.045261366862686,929.3233000158252,4502.040723506495,15364.768770551136,1,1
90,1.5,0.11315341715671501,0.045261366862686,929.3233000158252,4728.347557819925,16043.689273491425,1,1
90,1.6,0.1176795538429836,0.045261366862686,929.3233000158252,4954.654392133355,16722.609776431716,1,1
90,1.7,0.12220569052925222,0.045261366862686,929.3233000158252,5180.961226446786,17401.530279372007,1,1
90,1.8,0.12673182721552081,0.045261366862686,929.3233000158252,5407.268060760215,18080.4507823123,1,1
90,1.9,0.1312579639017894,0.045261366862686,929.3233000158252,5633.574895073644,18759.371285252586,1,1
90,2.0,0.135784100588058,0.045261366862686,929.3233000158252,5859.881729387075,19438.291788192877,1,1
90,2.1,0.14031023727432662,0.045261366862686,929.3233000158252,6086.188563700506,20117.212291133168,1,1
90,2.2,0.1448363739605952,0.045261366862686,929.3233000158252,6312.495398013935,20796.132794073455,1,1
90,2.3,0.14936251064686382,0.045261366862686,929.3233000158252,6538.802232327365,21475.053297013746,1,1
90,2.4,0.1538886473331324,0.045261366862686,929.3233000158252,6765.1090666407945,22153.973799954034,1,1
90,2.5,0.158414784019401,0.045261366862686,929.3233000158252,6991.415900954225,22832.894302894325,1,1
90,2.6,0.16294092070566962,0.045261366862686,929.3233000158252,7217.7227352676555,23511.81480583462,1,1
90,2.7,0.1674670573919382,0.045261366862686,929.3233000158252,7444.0295695810855,24190.735308774907,1,1
90,2.8,0.17199319407820682,0.045261366862686,929.3233000158252,7670.3364038945165,24869.655811715198,1,1
90,2.9,0.1765193307644754,0.045261366862686,929.3233000158252,7896.643238207946,25548.576314655485,1,1
90,3.0,0.181045467450744,0.045261366862686,929.3233000158252,8122.950072521375,26227.496817595777,1,1
90,3.1,0.1855716041370126,0.045261366862686,929.3233000158252,8349.256906834804,26906.417320536064,1,1
90,3.2,0.1900977408232812,0.045261366862686,929.3233000158252,8575.563741148235,27585.337823476355,1,1
90,3.3,0.19462387750954982,0.045261366862686,929.3233000158252,8801.870575461666,28264.258326416646,1,1
90,3.4,0.19915001419581843,0.045261366862686,929.3233000158252,9028.177409775097,28943.17882935694,1,1
90,3.5,0.20367615088208701,0.045261366862686,929.3233000158252,9254.484244088526,29622.099332297228,1,1
90,3.6,0.2082022875683556,0.045261366862686,929.3233000158252,9480.791078401955,30301.019835237516,1,1
90,3.7,0.2127284242546242,0.045261366862686,929.3233000158252,9707.097912715386,30979.940338177807,1,1
90,3.8,0.21725456094089282,0.045261366862686,929.3233000158252,9933.404747028815,31658.860841118098,1,1
90,3.9,0.22178069762716143,0.045261366862686,929.3233000158252,10159.711581342246,32337.78134405839,1,1
90,4.0,0.22630683431343002,0.045261366862686,929.3233000158252,10386.018415655675,33016.70184699868,1,1
